Id,FirstName,LastName,CompanyId
0,Dovie,Toy,13249626809
1,Roger,Green
2,Rick,Braun
3,Ansel,Kerluke,98047656959
4,August,Jaskolski
5,Carol,Jast,58797949768
6,Iva,Pacocha
7,Emilia,Senger,57863846026
8,Elroy,Kirlin
9,Caroline,Runolfsdottir
10,Moshe,Crooks
11,Carson,O'Conner,26504683089
12,Syble,Murazik
13,Wilbert,Champlin,82427501291
14,Napoleon,Kirlin
15,Edyth,Greenfelder
16,Princess,Cremin
17,Dock,Friesen,61719006079
18,Roman,Kovacek
19,Gerard,Koch,14564988919
20,Maeve,Harber,82427501291
21,Burley,Abernathy
22,Marian,Maggio
23,Will,White,61719006079
24,Damien,Stanton
25,Stacy,Robel
26,Lewis,Cronin,19683967407
27,Odell,Lemke
28,Marcelle,Volkman
29,Rodrigo,Friesen
30,Mya,Stoltenberg
31,Pearline,Ankunding
32,Jensen,Koch,1266181552
33,Evan,Bailey
34,Leo,Cole,31804896513
35,Santino,Hauck
36,Demarco,Witting
37,Torey,VonRueden
38,Robert,Kessler,58797949768
39,Jamil,Fritsch
40,Mustafa,Marks
41,Fidel,Considine
42,Clyde,Watsica
43,Lucienne,Hilll
44,Jaida,Nader
45,Geovanny,Wilderman,98047656959
46,Nicolas,Kemmer
47,Magdalena,Boehm
48,Mazie,Osinski
49,Gisselle,Runolfsson,70188760277
