Id,Name,Email
70495897,Eda Cole,christop_kub@example.org
47916607,Bret Schowalter,ellis.howell@example.org
7370645,Dorian Cruickshank I,aleia.williamson@example.com
73918805,Patricia Grant,adolfo_nader@example.org
54897980,Mr. Kelly Legros,mallory@example.com
40956577,Domenico Beier,maximilian.corkery@example.com
65582607,Jeramy Bailey,mia.pfeffer@example.net
5948154,Carolyne Mayer,elmira@example.net
82848312,Hobart Frami,william@example.com
93273633,Elmira Wilkinson,orin@example.org
81409913,Shayna Weissnat,tyshawn@example.org
53071057,Lelia Zieme,janae@example.org
44114493,Lavina Considine,vince@example.com
52644858,Mariane Powlowski,angelo.runolfon@example.net
18444019,Aubree Keebler,cortney@example.org
27923584,Chyna Schneider,samara@example.net
49480241,Bobbie Feest,tierra@example.org
14980495,Mr. Ethan Rutherford,ara@example.org
74981712,Mr. Nedra Hauck,shanie@example.net
35456491,Laverna Stroman,emily@example.net
