Id,Name
50433549,"Hane, Mueller and Hermann"
48960550,Dickens-Fritsch
60254822,Windler-Witting
90591218,Herzog Inc
34876787,"Kertzmann, Bergstrom and Gerhold"
66989646,Johnson LLC
50623646,Abernathy-Kerluke
51797354,Swaniawski Inc
40047889,Kohler-Kulas
38019295,Balistreri and Sons
74478477,Labadie-Cremin
52885190,"Hammes, Collier and Turner"
28839227,Wuckert-Altenwerth
73882517,Rolfson-Rosenbaum
13647946,"Tillman, Ebert and O'Hara"
27527985,Hansen-Hudson
49365099,Feil-Sporer
12653959,Metz-Moen
38785182,"McKenzie, Johnson and Murray"
88465143,Prosacco-O'Reilly
37415626,"Shields, West and Schiller"
74735079,Blick-Marks
89933071,Ziemann Inc
33758682,Abshire LLC
76317729,"Vandervort, Bogisich and Welch"
53305060,Mohr Group
83820308,"Champlin, Franecki and Herman"
83827324,Dicki-Konopelski
68034558,Graham Group
41004239,"Tromp, Dibbert and Tromp"
13098705,Bergstrom-Koepp
34051450,"Dooley, Dickens and Reichert"
13749461,"Ruecker, McDermott and Kirlin"
43751534,Crooks and Sons
81426846,"Kirlin, Schaden and Kessler"
75589035,Rodriguez LLC
53044695,Prohaska and Sons
90917931,Williamson-Lemke
72485385,Waelchi-Marks
32218960,Roberts-Kuhn
84071642,"Denesik, Casper and Balistreri"
31126524,"Sanford, Waelchi and Kreiger"
75526361,Bogisich LLC
3921037,Armstrong and Sons
78253237,Mann Inc
42621679,VonRueden Group
74981908,Hyatt Group
26191015,"Kautzer, Gutmann and Beatty"
82827680,Ebert Group
49348127,Powlowski LLC
